offset_left,seek-pagination,offset_right,offset-pagination
100,00:00:00.0100503,100,00:00:00.0912041
1000,00:00:00.0102763,1000,00:00:00.1779275
10000,00:00:00.0113810,10000,00:00:01.6527982
50000,00:00:00.0091329,50000,00:00:08.5599980
100000,00:00:00.0119816,100000,00:00:16.9784632
200000,00:00:00.0121776,200000,00:00:34.1800318
500000,00:00:00.0119063,500000,00:02:24.5769472
1000000,00:00:00.0128638,1000000,00:04:00.6708318
